尚子,片倉,女,34,1985/11/17,千葉県
忠良,荒巻,男,40,1980/6/22,山梨県
佳代,清家,女,30,1990/1/10,宮崎県
直也,大黒,男,15,2004/11/16,岡山県
司郎,谷,男,52,1967/12/1,鳥取県
力男,桑名,男,21,1999/6/17,鳥取県
乃愛,勝田,女,19,2000/10/12,宮崎県
謙二,清家,男,35,1985/6/7,山梨県
金一,古山,男,38,1981/10/17,長野県
美紅,松坂,女,7,2013/4/24,長野県
玲菜,宮部,女,34,1985/12/28,兵庫県
仁志,小泉,男,21,1999/3/9,岐阜県
重信,上田,男,32,1987/11/15,和歌山県
悦代,三田,女,25,1995/3/26,岐阜県
太陽,深津,男,32,1988/1/8,長野県
哲,工藤,男,35,1984/10/14,大阪府
香奈子,坂巻,女,19,2001/8/30,沖縄県
悦太郎,八代,男,29,1990/12/4,佐賀県
千咲,石田,女,44,1975/9/8,愛媛県
照,新谷,女,36,1984/6/5,青森県
卓也,山県,男,36,1984/1/29,熊本県
美幸,中元,女,30,1990/3/8,熊本県
良彦,江頭,男,30,1990/3/6,広島県
由香里,小柴,女,23,1997/8/25,大阪府
文康,漆原,男,27,1993/4/21,和歌山県
正一郎,高良,男,24,1996/8/27,青森県
堅助,小早川,男,27,1993/1/24,福井県
佳代,大東,女,18,2002/5/23,高知県
沙彩,志水,女,24,1995/11/22,埼玉県
奈菜,兵頭,女,26,1993/11/3,岡山県
孝宏,阿南,男,41,1979/7/17,茨城県
邦夫,新川,男,42,1978/8/29,鳥取県
優子,船橋,女,58,1961/9/15,秋田県
清,砂田,男,18,2001/10/20,静岡県
三雄,久保田,男,62,1957/10/15,神奈川県
精一,石上,男,28,1992/2/11,長崎県
美怜,海野,女,38,1982/1/23,愛媛県
幸作,浦田,男,49,1971/8/27,沖縄県
智美,柳井,女,34,1986/8/10,岐阜県
彩加,藤枝,女,44,1976/6/2,北海道
光明,後藤,男,33,1987/5/12,鳥取県
洋司,須貝,男,34,1985/11/5,石川県
美姫,海老沢,女,24,1996/7/25,香川県
大地,猪股,男,25,1995/5/5,香川県
陽菜子,川端,女,5,2015/8/31,高知県
真琴,川中,女,41,1979/8/9,石川県
里桜,石丸,女,20,1999/9/15,青森県
充照,石毛,男,47,1973/4/6,長野県
美貴,二階堂,女,56,1964/6/3,高知県
美琴,平野,女,51,1968/10/3,和歌山県
友治,角田,男,31,1988/12/9,愛媛県
静枝,奥村,女,50,1969/9/25,宮崎県
佐登子,和泉,女,12,2008/7/14,三重県
和徳,金川,男,22,1998/2/13,長野県
邦雄,辻井,男,38,1981/10/25,和歌山県
祐二,佐久間,男,43,1977/5/18,愛知県
琴乃,木内,女,26,1994/3/28,沖縄県
泉,湯川,女,40,1979/12/14,京都府
正治,稲川,男,33,1986/11/25,長崎県
吉夫,大倉,男,22,1998/8/5,兵庫県
喜代子,宮武,女,22,1997/12/25,石川県
昌也,岩崎,男,47,1972/12/8,奈良県
緑,新藤,女,52,1968/8/3,千葉県
梓,市田,女,56,1964/6/20,徳島県
沙彩,菅原,女,28,1992/2/22,山口県
健三,島津,男,33,1986/10/13,茨城県
照美,野坂,女,36,1984/3/30,千葉県
与三郎,大東,男,48,1972/6/17,東京都
二三男,永島,男,26,1993/12/7,長野県
花蓮,久田,女,44,1976/1/19,山梨県
幹雄,都築,男,40,1980/4/6,大分県
睦,長谷,女,34,1986/5/22,広島県
蓮,新保,女,19,2000/11/30,青森県
遙香,勝田,女,46,1973/10/7,鳥取県
春代,諏訪,女,52,1967/12/9,島根県
香穂,都築,女,41,1979/1/26,宮城県
洋司,渕上,男,44,1976/8/8,山梨県
美緒,赤川,女,39,1981/5/10,大阪府
喬,川辺,男,30,1990/7/11,兵庫県
里緒,桜田,女,66,1953/10/5,静岡県
清一,松原,男,47,1973/1/17,奈良県
俊光,我妻,男,63,1957/2/18,岐阜県
有正,岩谷,男,68,1952/5/23,東京都
来実,小田切,女,30,1990/5/12,沖縄県
玲子,新海,女,27,1993/1/28,福岡県
利恵,富田,女,24,1995/12/16,宮崎県
康朗,大町,男,36,1984/7/2,石川県
頼子,松藤,女,56,1964/4/13,鳥取県
哲雄,坂東,男,52,1968/1/22,岐阜県
穂乃香,石坂,女,31,1989/6/23,大分県
咲菜,辻井,女,31,1989/6/9,岐阜県
昌利,西島,男,25,1994/10/30,青森県
夏海,桑田,女,60,1960/1/9,和歌山県
梨子,岩野,女,17,2003/4/29,茨城県
愛菜,緑川,女,64,1956/4/1,石川県
竜夫,寺井,男,45,1974/12/4,宮城県
美貴,植田,女,35,1984/11/14,長野県
良三,平田,男,9,2010/11/14,青森県
凛華,大庭,女,24,1996/5/30,福岡県
純子,早坂,女,28,1991/11/11,福島県
直行,大河原,男,30,1990/8/15,島根県
哲二,緒方,男,41,1978/10/24,新潟県
久雄,長沢,男,41,1979/5/31,長崎県
奈津子,若井,女,21,1999/5/13,沖縄県
静香,角谷,女,49,1971/8/1,熊本県
雛乃,神田,女,37,1982/9/8,愛知県
友治,山名,男,59,1961/2/10,埼玉県
莉紗,逸見,女,32,1988/7/10,福島県
香穂,長谷,女,28,1991/9/22,佐賀県
洋晶,三谷,男,31,1989/7/16,兵庫県
由実,中道,女,35,1985/6/17,兵庫県
亜沙美,栗栖,女,14,2006/6/6,東京都
香凛,角田,女,31,1989/9/1,沖縄県
祥治,肥後,男,30,1989/11/25,沖縄県
幸平,新里,男,16,2004/4/12,富山県
花奈,木村,女,56,1964/2/10,鳥取県
萌香,村中,女,64,1956/2/1,長崎県
亜依,長谷川,女,23,1997/7/13,新潟県
佳奈子,椎葉,女,37,1983/6/10,徳島県
美博,浜中,男,19,2001/5/29,奈良県
莉緒,武市,女,31,1989/6/26,静岡県
真穂,落合,女,25,1995/2/15,広島県
範久,吉山,男,11,2009/8/25,愛知県
良吉,陶山,男,43,1977/7/14,岐阜県
泰介,奧村,男,57,1963/1/12,福島県
嘉之,大道,男,43,1977/3/27,香川県
和也,城田,男,34,1986/7/20,福島県
夏実,大上,女,39,1980/12/30,宮城県
英俊,大道,男,30,1990/8/24,福島県
早苗,西出,女,42,1978/8/3,和歌山県
優那,森永,女,46,1974/8/14,鹿児島県
康正,里見,男,49,1971/4/16,埼玉県
蒼,岡林,女,25,1995/1/19,佐賀県
和臣,仁平,男,48,1972/5/4,愛知県
志保,谷川,女,24,1996/6/19,滋賀県
絢子,中平,女,16,2003/11/16,山形県
陽菜子,長尾,女,23,1997/2/3,奈良県
俊夫,河内,男,42,1978/8/30,鹿児島県
佐登子,大宮,女,67,1952/11/25,山形県
由姫,安達,女,44,1976/5/12,静岡県
享,齊藤,男,49,1971/5/26,長野県
彩希,阪口,女,61,1959/5/8,茨城県
正俊,細田,男,44,1975/9/13,福井県
邦仁,小貫,男,11,2008/12/21,愛知県
守,箕輪,男,36,1984/7/12,岩手県
利昭,山野,男,8,2012/1/22,愛知県
来未,塚本,女,43,1976/11/22,鹿児島県
翔平,吉住,男,5,2014/10/11,福岡県
亀太郎,上坂,男,20,1999/9/24,福岡県
吉夫,浜中,男,21,1998/11/2,栃木県
健吉,竹中,男,46,1974/5/31,山梨県
知代,米原,女,42,1978/8/30,静岡県
富夫,寺内,男,48,1972/1/17,富山県
百合,佐々,女,37,1983/1/20,島根県
瑠菜,君島,女,40,1980/2/23,山口県
果凛,芝田,女,27,1993/4/13,長崎県
舞子,河井,女,50,1969/12/5,滋賀県
奈緒美,小堀,女,37,1983/8/10,兵庫県
松雄,大藤,男,19,2001/5/12,京都府
恵三,伊原,男,23,1997/5/31,島根県
千絵,永原,女,50,1969/11/23,青森県
仁明,星,男,32,1988/3/17,秋田県
春彦,新谷,男,14,2005/11/9,長崎県
玲菜,小橋,女,44,1976/5/23,山形県
康男,白浜,男,32,1988/6/9,長野県
浩俊,中川,男,21,1998/12/8,北海道
大貴,江上,男,15,2005/5/3,徳島県
茂樹,塩田,男,30,1990/4/21,静岡県
奈緒,柘植,女,28,1992/5/26,長野県
秋男,神崎,男,38,1981/9/17,岩手県
裕平,中条,男,31,1989/6/6,東京都
悦哉,岩永,男,37,1982/11/7,宮崎県
敬子,三島,女,29,1990/11/14,鳥取県
新一郎,池本,男,40,1979/12/14,岐阜県
竜夫,南雲,男,33,1987/6/11,島根県
徹子,安保,女,12,2008/3/23,埼玉県
宏明,今井,男,49,1971/6/26,福井県
天音,岩瀬,女,49,1971/3/31,岐阜県
遥香,広瀬,女,56,1963/12/19,香川県
昌男,国吉,男,41,1979/3/31,福岡県
哲郎,長浜,男,36,1984/3/1,新潟県
麻里子,梶,女,9,2011/6/23,和歌山県
彰三,安江,男,28,1992/7/8,徳島県
砂登子,金丸,女,60,1960/8/28,京都府
輝夫,砂田,男,21,1999/5/19,長崎県
達也,熊沢,男,65,1955/7/14,愛媛県
茂志,迫,男,6,2013/10/4,福岡県
彰三,大庭,男,53,1967/2/5,高知県
千晶,松永,女,25,1994/11/16,青森県
斎,犬塚,男,37,1982/11/12,山形県
俊明,三野,男,31,1989/4/30,秋田県
豊子,高嶋,女,45,1975/1/5,兵庫県
正則,緑川,男,48,1971/10/3,山梨県
千佳,辰巳,女,64,1956/1/1,高知県
翔平,今枝,男,51,1969/8/9,山口県
善雄,赤井,男,15,2005/1/10,愛知県
寿,結城,男,54,1966/5/7,福岡県
美貴,城戸,女,46,1973/12/6,佐賀県
貢,南,男,30,1990/8/25,宮城県
栄蔵,植野,男,16,2004/3/7,福井県
美紀,河津,女,31,1988/11/11,千葉県
晶,小山内,男,25,1994/12/22,愛媛県
章治郎,加藤,男,30,1990/2/20,福島県
武雄,谷山,男,55,1965/5/9,高知県
勇,影山,男,32,1988/2/5,福島県
幸司,猪野,男,40,1980/1/10,沖縄県
信二,関戸,男,26,1994/3/17,新潟県
詩織,上原,女,28,1992/3/30,徳島県
彩葉,坂東,女,57,1963/7/4,秋田県
豊子,中原,女,31,1988/10/16,埼玉県
瞳,安東,女,39,1981/4/30,群馬県
柚花,石黒,女,15,2005/2/5,滋賀県
一太郎,岩崎,男,11,2008/11/15,香川県
彩華,池本,女,36,1984/1/17,群馬県
優,坂巻,男,11,2008/12/13,和歌山県
揚子,久保田,女,45,1975/1/19,奈良県
美名子,松沢,女,17,2003/3/23,群馬県
晴奈,島田,女,49,1971/8/2,茨城県
真理子,岡島,女,26,1993/12/4,山形県
花音,市村,女,40,1980/2/22,福島県
雅人,冨永,男,45,1975/8/5,茨城県
華乃,辻田,女,40,1980/7/8,長野県
純,浦川,男,57,1962/11/14,愛知県
芳彦,梅津,男,16,2004/4/10,三重県
伸夫,脇坂,男,24,1996/5/12,大阪府
莉沙,松平,女,39,1980/12/30,佐賀県
真優,上島,女,20,1999/10/10,岐阜県
洋司,豊島,男,37,1983/6/1,佐賀県
香,陶山,女,27,1993/7/22,茨城県
和男,赤塚,男,15,2004/11/13,愛知県
志乃,細見,女,30,1990/2/6,香川県
未来,塚越,女,25,1995/3/31,和歌山県
義則,長,男,42,1977/11/8,千葉県
民雄,磯部,男,28,1991/12/26,鹿児島県
琉菜,島津,女,54,1966/6/26,千葉県
竜三,米村,男,62,1957/11/23,鳥取県
美優,生駒,女,55,1964/12/21,石川県
裕美,鶴田,女,38,1982/4/26,新潟県
陽向,藤代,女,17,2002/12/4,佐賀県
緑,植村,女,55,1965/4/3,群馬県
淳,二木,男,43,1976/12/18,沖縄県
深雪,榎,女,50,1970/2/28,大阪府
貞,岩城,女,39,1981/6/27,佐賀県
陽一郎,田山,男,42,1978/1/6,鳥取県
茂志,渥美,男,42,1978/3/18,奈良県
光政,小田桐,男,41,1979/3/7,和歌山県
心音,冨田,女,33,1987/1/22,三重県
真紀,江田,女,55,1965/3/13,北海道
咲来,諸橋,女,24,1996/5/19,鹿児島県
涼花,小椋,女,30,1990/3/7,長野県
真理子,湊,女,40,1980/7/4,山口県
奏音,千野,女,21,1999/8/4,長野県
麗華,末永,女,55,1965/8/14,滋賀県
光正,船橋,男,42,1977/10/24,愛知県
貴子,古澤,女,50,1970/3/3,山形県
唯衣,福村,女,26,1994/4/10,山梨県
美里,田代,女,24,1995/9/7,滋賀県
寿子,丹下,女,32,1988/4/10,大分県
彩芽,谷,女,30,1989/9/11,東京都
定夫,谷山,男,47,1973/7/25,岩手県
怜子,井内,女,14,2006/7/2,茨城県
良和,木崎,男,37,1983/5/4,新潟県
菜々実,三井,女,56,1963/11/1,長野県
登,国本,男,25,1994/10/30,宮城県
三枝子,樋渡,女,48,1972/6/4,京都府
文雄,横井,男,34,1985/10/29,兵庫県
徳康,福士,男,13,2006/11/17,福岡県
実,川田,男,28,1991/11/20,和歌山県
正雄,山城,男,18,2002/2/2,山梨県
永二,日下,男,32,1988/9/1,長崎県
登,大平,男,18,2001/10/21,愛媛県
晃,加瀬,男,38,1981/10/14,栃木県
莉歩,臼井,女,16,2004/5/24,山梨県
金之助,米田,男,32,1987/11/30,群馬県
誓三,水谷,男,32,1988/2/2,群馬県
香奈子,江村,女,43,1977/3/27,愛媛県
等,犬塚,男,20,2000/6/29,香川県
穂乃佳,河辺,女,56,1964/6/18,千葉県
静香,野澤,女,53,1966/12/10,福井県
勇三,表,男,27,1992/11/26,岐阜県
豊,稲葉,男,54,1966/5/10,京都府
花音,垣内,女,30,1989/10/13,山口県
雅,山本,女,42,1978/4/26,群馬県
武裕,下地,男,58,1961/10/26,岩手県
志帆,白石,女,54,1966/1/17,福島県
元彦,瓜生,男,31,1988/9/15,千葉県
一仁,早川,男,29,1991/8/19,北海道
遥佳,有川,女,29,1991/1/26,三重県
乃愛,高本,女,24,1996/6/25,長野県
洋文,大田,男,38,1981/9/7,群馬県
禎,北沢,男,48,1972/8/31,東京都
力男,三枝,男,47,1972/11/26,長野県
健次郎,宇田川,男,4,2015/12/28,大阪府
美月,黒瀬,女,66,1954/2/19,長野県
孝宏,菊川,男,36,1984/6/28,大阪府
帆花,梶本,女,58,1961/12/11,宮崎県
時男,山名,男,47,1973/3/14,青森県
賢明,香月,男,35,1984/11/29,広島県
秀光,和泉,男,62,1957/11/1,栃木県
二三男,氏家,男,56,1964/1/24,岐阜県
